date,ticker,action,shares,price,cost,proceeds
2010-05-31,AAPL,buy,0.0003652748207647108,136.8832373808956,2.5e-05,
2010-05-31,QQQ,buy,0.000479420933407686,104.2924839443367,2.5e-05,
2010-05-31,SPY,buy,0.0005568841680258295,89.78527828731683,2.5e-05,
2010-05-31,IWM,buy,0.0006553185380218676,76.29877242741992,2.5e-05,
2010-05-31,DIA,buy,0.000609660090814811,82.01291302039301,2.5e-05,
2010-06-30,AAPL,buy,6.791413986577009e-05,114.17450971330135,3.877031810887437e-06,
2010-06-30,QQQ,buy,3.581161598978274e-05,95.99381337813193,1.718846791046265e-06,
2010-06-30,IWM,sell,2.339516709869182e-05,78.26761830464504,,0.0018301684666494743
2010-06-30,SPY,sell,7.947564249811165e-06,90.09990744465,,0.0007157167659167359
2010-06-30,DIA,sell,7.988242937116935e-06,82.20284423753469,,0.0006563279617464643
2010-08-31,IWM,sell,7.408283135864745e-05,87.95128610991928,,0.006512422456508973
2010-08-31,QQQ,buy,5.5096290190605624e-05,86.02544618712894,2.369841473451192e-06,
2010-08-31,DIA,sell,5.141670387389936e-05,89.16371511215391,,0.004582212084050233
2010-08-31,AAPL,buy,9.41868355063425e-05,93.03193900507074,4.381191967953344e-06,
2010-08-31,SPY,buy,4.26362065690792e-05,82.93618645240052,1.7680421888181085e-06,
2010-09-30,DIA,buy,1.364248310968747e-05,87.3233913138575,5.956539455399653e-07,
2010-09-30,IWM,buy,6.432322605291751e-05,79.14548527993792,2.545446470364651e-06,
2010-09-30,SPY,sell,4.891816137501937e-05,90.74178807247529,,0.00443670197167096
2010-09-30,QQQ,sell,1.85218679072597e-05,89.23673617858775,,0.0016520046244547977
2010-09-30,AAPL,sell,2.9182704699177477e-05,98.84009633953221,,0.0028829791332428637
2010-11-30,DIA,sell,3.893431834574876e-05,95.63268365806849,,0.003721531653126623
2010-11-30,AAPL,sell,5.371681022048693e-05,112.95012166228379,,0.006064286589588952
2010-11-30,IWM,sell,7.486904444779774e-05,91.73055777367102,,0.006864345317574665
2010-11-30,SPY,buy,6.123165720152575e-05,83.13427465800393,2.5452247037781935e-06,
2010-11-30,QQQ,sell,2.9864372646833527e-05,96.18615175767452,,0.0028711028100162953
2010-12-31,DIA,sell,8.159893154694131e-05,112.96009345631649,,0.009212814222011322
2010-12-31,AAPL,sell,5.759145574399578e-06,114.15665680048481,,0.0006571160823983632
2010-12-31,QQQ,buy,3.822776393954861e-05,89.40580365625095,1.7088919784983967e-06,
2010-12-31,SPY,buy,3.619405310251037e-05,78.24405289182513,1.4159847026611747e-06,
2010-12-31,IWM,buy,6.655876666750355e-05,81.58702765137427,2.7151659682714902e-06,
2011-01-31,DIA,sell,2.1915542418193053e-05,118.64446098024611,,0.002598857638437586
2011-01-31,AAPL,buy,4.674764918254841e-05,102.99937585359633,2.4074893442126846e-06,
2011-01-31,QQQ,sell,3.497254238441936e-05,95.2071160154847,,0.0033279700826997953
2011-01-31,SPY,sell,4.26633056718127e-05,83.69792849802658,,0.003569044892455027
2011-01-31,IWM,buy,8.17034519078302e-05,71.88853561613523,2.9367707562186215e-06,
2011-02-28,DIA,sell,3.4126550765825516e-06,120.63175336227339,,0.00041146872822606215
2011-02-28,QQQ,sell,1.1964440616870297e-05,98.25634749622755,,0.0011749944437317624
2011-02-28,AAPL,sell,3.5561644193684704e-05,112.0873200805375,,0.003984016390630061
2011-02-28,SPY,buy,4.044556838905182e-05,79.05846116485472,1.5987821988881645e-06,
2011-02-28,IWM,sell,5.138234238735587e-05,78.28380308082762,,0.004020393970696787
2011-03-31,QQQ,sell,0.000114930582596069,129.95856498132835,,0.014928745479859833
2011-03-31,DIA,sell,2.811568707309243e-06,124.6623119185098,,0.00035032140684332076
2011-03-31,SPY,sell,0.00010781451442968767,97.65690931937515,,0.010523567842842986
2011-03-31,AAPL,buy,3.863342689495341e-05,105.95493442205853,2.04670110657709e-06,
2011-03-31,IWM,buy,2.186650630169745e-05,77.71721548514583,8.4970199107816e-07,
2011-05-31,QQQ,buy,1.5349622403007014e-05,123.84786589857974,9.505089884807241e-07,
2011-05-31,SPY,buy,1.324527707444699e-05,94.29522033983073,6.244831600985438e-07,
2011-05-31,IWM,sell,3.0324139165330277e-06,77.2689260427476,,0.0002341942109642653
2011-05-31,DIA,sell,4.476930435864696e-06,124.72369738215048,,0.0005581001272252855
2011-05-31,AAPL,buy,6.0199964294964446e-05,93.35986660734221,2.8101303181723226e-06,
2011-06-30,QQQ,buy,5.860451664755782e-06,122.36300582098983,3.5855124058407066e-07,
2011-06-30,SPY,sell,1.857137335390031e-05,97.82866894612845,,0.0018159043293458075
2011-06-30,IWM,sell,1.669785992875969e-05,79.42440937473496,,0.0013255545538324604
2011-06-30,AAPL,sell,5.777789718228285e-05,104.55637666540298,,0.0060380270569353285
2011-06-30,DIA,buy,6.398710268062273e-05,108.12954462194074,3.45944813726655e-06,
2011-08-31,AAPL,sell,9.95364132242517e-06,104.1259575600846,,0.001035914217690194
2011-08-31,QQQ,buy,1.11764179325306e-05,116.29057595745795,6.498560392576224e-07,
2011-08-31,SPY,buy,7.222907814068852e-05,83.90152293501436,3.030064828097961e-06,
2011-08-31,DIA,sell,4.441372635718499e-06,106.49757021567412,,0.0004727588964293413
2011-08-31,IWM,buy,0.00022321829273559528,57.60026228154176,6.428716103804128e-06,
2011-09-30,AAPL,sell,5.134801142268224e-05,118.67326672358791,,0.006090589437162164
2011-09-30,DIA,sell,4.142565621993862e-05,118.89165619920061,,0.004922702294688656
2011-09-30,SPY,sell,4.9701091379698815e-05,93.17276892516512,,0.004628472908297969
2011-09-30,QQQ,buy,2.7202665178788557e-05,111.35552198444142,1.514583490175994e-06,
2011-09-30,IWM,sell,1.5835679778120363e-05,59.72729209028689,,0.0009453493604202664
2011-10-31,DIA,sell,1.4508222230284295e-05,120.81687094305123,,0.00175196159380296
2011-10-31,AAPL,buy,4.885119538594623e-05,104.62020191101391,2.555410962436043e-06,
2011-10-31,SPY,buy,1.4533216366310886e-05,89.11199345059546,6.475419408253912e-07,
2011-10-31,QQQ,buy,2.4176738368351426e-05,103.84748658849014,1.255346756730405e-06,
2011-10-31,IWM,buy,0.0001326827852098408,50.75307038326324,3.3670293682012245e-06,
2011-11-30,DIA,buy,1.4754147603802405e-05,115.4963632446102,8.520251955066789e-07,
2011-11-30,AAPL,buy,1.9312517701888365e-05,99.55606493026345,9.613391331480302e-07,
2011-11-30,SPY,sell,1.7855518378453224e-05,91.1170175648223,,0.0016261281109276706
2011-11-30,QQQ,buy,2.205691917420518e-05,98.31095315117544,1.0842183737972744e-06,
2011-11-30,IWM,buy,7.107938601069296e-05,46.86822669195125,1.665682388336933e-06,
2012-01-31,SPY,buy,3.75119856682116e-05,84.19616334373093,1.5791826363342188e-06,
2012-01-31,DIA,buy,8.730011418658153e-06,111.80928582232022,4.880481709704344e-07,
2012-01-31,IWM,sell,7.725862460325299e-05,49.94403262287639,,0.003856677963949636
2012-01-31,QQQ,buy,2.9203577806959395e-05,91.79132014810618,1.3403174799743692e-06,
2012-01-31,AAPL,buy,7.124936693372658e-05,86.02629744758875,3.0646596163965784e-06,
2012-02-29,IWM,sell,6.917168885822646e-05,54.52917318159114,,0.0037699890635128626
2012-02-29,QQQ,sell,4.1897878414631014e-05,101.08728366291521,,0.004233225048814051
2012-02-29,DIA,sell,1.630666459392319e-05,117.84838163663156,,0.0019207531752690652
2012-02-29,SPY,buy,2.561950202695153e-05,81.83297068419941,1.0482599791576559e-06,
2012-02-29,AAPL,sell,3.254093994463781e-05,92.59041932885104,,0.0030114727851915596
2012-04-30,IWM,sell,5.3173740104282114e-05,58.612559819352484,,0.003115090698169597
2012-04-30,AAPL,sell,8.082397373022768e-05,110.33642278501526,,0.008913369222595037
2012-04-30,DIA,sell,4.737587454081802e-05,134.38294067696933,,0.00636332608326932
2012-04-30,QQQ,buy,5.246147473805156e-05,92.44630040104043,2.424934626557754e-06,
2012-04-30,SPY,buy,5.955842568146255e-05,75.4268642052323,2.246152643076548e-06,
2012-05-31,DIA,sell,5.812752976619499e-05,157.7375116566823,,0.009164307458117296
2012-05-31,AAPL,buy,3.564318562712459e-05,101.45624548855155,1.8081118954897821e-06,
2012-05-31,QQQ,sell,6.279396848086604e-06,92.72528952223415,,0.000581967761318453
2012-05-31,IWM,buy,0.0001458550692679931,49.6662627370351,3.6220380958963e-06,
2012-05-31,SPY,buy,7.988761715366796e-05,66.77830965889771,2.667380018099554e-06,
2012-07-31,DIA,sell,3.724944196838224e-05,178.8604663820841,,0.006659121336655756
2012-07-31,AAPL,buy,1.812245415839858e-05,97.87306688780963,8.868500840081039e-07,
2012-07-31,QQQ,sell,4.298585298553913e-05,100.81013458602499,,0.0043312429199549
2012-07-31,IWM,buy,9.905262625133321e-05,45.21700293608741,2.2394314460168513e-06,
2012-07-31,SPY,buy,7.466163522771121e-05,60.72269941002383,2.2668280166965766e-06,
2012-08-31,QQQ,sell,6.071575398981761e-05,114.58369618583617,,0.0069535569911088
2012-08-31,DIA,buy,7.448438952780578e-05,140.7405585683404,5.241487293382615e-06,
2012-08-31,AAPL,sell,2.0369300973300218e-05,101.65419072039208,,0.002069589493577938
2012-08-31,SPY,sell,4.5712169257510946e-05,64.11620991576757,,0.002929425594299759
2012-08-31,IWM,buy,8.681429708877714e-05,41.7958315563553,1.814237868902958e-06,
2012-10-31,AAPL,sell,7.14031311918157e-05,119.90825650500523,,0.008557544057723673
2012-10-31,DIA,sell,9.255368876676687e-05,192.10825782787936,,0.01777143774057509
2012-10-31,QQQ,buy,9.070729690746079e-05,95.47018698213165,4.3299212981995065e-06,
2012-10-31,IWM,buy,5.691487926024093e-05,40.18126466214318,1.1434559133848323e-06,
2012-10-31,SPY,buy,0.0001907597231162318,51.83681881081335,4.944188601788515e-06,
2012-11-30,AAPL,sell,2.18531101748636e-05,126.45438150718262,,0.0027620398204051106
2012-11-30,QQQ,buy,3.4130253563454576e-06,94.79795882345402,1.6177391859712058e-07,
2012-11-30,DIA,buy,4.018356659462658e-05,166.3563441444269,3.3423956166830983e-06,
2012-11-30,SPY,sell,9.220051303537185e-05,57.27181863608064,,0.005277850815185048
2012-11-30,IWM,buy,3.715087733768656e-05,38.995662831617054,7.243615432795941e-07,
2012-12-31,AAPL,buy,3.3554160239439973e-06,124.79733909547899,2.0937349567327144e-07,
2012-12-31,DIA,buy,2.3180905483952228e-05,153.7252523471535,1.7817452725780353e-06,
2012-12-31,IWM,buy,2.1378825880245117e-05,38.17508660677529,4.0806926476476313e-07,
2012-12-31,SPY,sell,6.060014319330656e-05,61.247034205792296,,0.0037097232535148396
2012-12-31,QQQ,buy,2.745987458228189e-05,89.68478791321688,1.231366514017743e-06,
2013-01-31,IWM,sell,0.00012005771822538869,42.339586114623536,,0.005080652502479287
2013-01-31,SPY,sell,2.335055100009841e-05,63.50217690879008,,0.0014820694151157115
2013-01-31,AAPL,buy,3.7118498074358226e-05,114.98631793961928,2.1340597105096506e-06,
2013-01-31,DIA,buy,2.6217768904251613e-06,153.56767704117598,2.013100933914149e-07,
2013-01-31,QQQ,sell,3.5095594514881405e-05,96.40868980211421,,0.0033818285248634794
2013-02-28,SPY,buy,0.00011402888511595748,55.30770442895188,3.153337937178143e-06,
2013-02-28,AAPL,sell,4.074868311250906e-05,126.40796326977375,,0.0051483825591586065
2013-02-28,IWM,buy,1.3768457226693079e-05,41.71356788753665,2.8716573761615314e-07,
2013-02-28,QQQ,buy,3.9830909208319124e-05,89.25530552739946,1.777559985411316e-06,
2013-02-28,DIA,sell,1.7208813191857278e-05,161.56542686315947,,0.0027789590745262156
2013-04-30,IWM,sell,0.00024327226813532698,53.43265029495995,,0.012992182688721788
2013-04-30,AAPL,sell,3.108231200555327e-05,140.0664923299423,,0.0043514136209146384
2013-04-30,QQQ,buy,3.681631702810457e-06,90.53337586747841,1.6665527337808185e-07,
2013-04-30,DIA,buy,2.959382368584773e-05,150.55931993303562,2.2278129841796982e-06,
2013-04-30,SPY,sell,5.310137725505581e-05,59.99193380605682,,0.0031840614821411115
2013-05-31,IWM,sell,0.0001099798474453904,59.669687507424094,,0.006559181897616029
2013-05-31,AAPL,buy,2.871243328732341e-05,128.30431658254557,1.8419645651759813e-06,
2013-05-31,DIA,sell,1.6967108695242479e-06,149.52849603914842,,0.00025357977122096993
2013-05-31,QQQ,buy,3.217077737989796e-05,84.63521529778836,1.3613903349224418e-06,
2013-05-31,SPY,buy,0.00019603041512254434,48.183682723532826,4.722733663213554e-06,
2013-07-31,AAPL,sell,4.304780730765562e-05,143.80630709310594,,0.006187450924270889
2013-07-31,IWM,buy,1.284671110482645e-05,58.66573791692093,3.7683089338507317e-07,
2013-07-31,DIA,sell,7.890509447367735e-07,149.59632526147274,,0.00011798010221582637
2013-07-31,SPY,sell,9.668533954290833e-05,52.985671141208115,,0.0051203761363939875
2013-07-31,QQQ,buy,0.00018841686383910177,64.18661580935287,6.046920425621789e-06,
2013-09-30,DIA,sell,3.1428649134029255e-05,163.6765602025396,,0.005141561115479399
2013-09-30,IWM,sell,1.670041602155057e-05,59.348967135187614,,0.0009906568653861617
2013-09-30,AAPL,buy,5.532174736218342e-05,123.18765863416996,3.407478264549222e-06,
2013-09-30,SPY,buy,3.453968320397591e-05,50.71652227893575,8.758663063609137e-07,
2013-09-30,QQQ,buy,6.143016228275723e-05,59.04702765840612,1.8136342456851714e-06,
2013-10-31,SPY,sell,9.5014114595966e-05,56.33828252254989,,0.005350255565721595
2013-10-31,DIA,sell,1.9452453346003142e-05,175.46334775897338,,0.0034114859899218473
2013-10-31,IWM,buy,2.2429250541834483e-05,58.021094865955526,6.506848367300315e-07,
2013-10-31,AAPL,buy,1.4668263720880057e-05,119.32433573910326,8.7514041247e-07,
2013-10-31,QQQ,buy,5.2856472922504214e-05,55.77903616398731,1.4741415573225892e-06,
2013-12-31,DIA,buy,2.6247377548186692e-05,161.60006866619284,2.120789007047229e-06,
2013-12-31,IWM,sell,5.324421936367689e-05,62.1772693163671,,0.0033089248768316086
2013-12-31,QQQ,sell,0.00012870785074969643,65.4661035319568,,0.008421788481813993
2013-12-31,SPY,buy,2.3784413906232423e-05,55.17875098977449,6.561971261848643e-07,
2013-12-31,AAPL,buy,1.7055121913491596e-05,115.31123537131447,9.833235886265462e-07,
2014-01-31,SPY,sell,2.936192037464422e-05,56.98115529336768,,0.0016722396065068092
2014-01-31,IWM,buy,2.599115922529544e-06,61.946237430579096,8.050272602330688e-08,
2014-01-31,AAPL,sell,4.736722061479101e-05,129.25486683514458,,0.00611938257101927
2014-01-31,DIA,buy,3.688135373796546e-06,159.62854781534267,2.9436584693276933e-07,
2014-01-31,QQQ,buy,0.00013321259327956638,55.782340403522326,3.7154551121783712e-06,
2014-02-28,AAPL,sell,3.717360326352772e-05,143.15695761966782,,0.005318999116993699
2014-02-28,SPY,sell,3.629937824501338e-05,59.53566241925441,,0.002160026975459332
2014-02-28,IWM,buy,8.2089956132049e-05,56.37685957636146,2.3139869647431e-06,
2014-02-28,QQQ,buy,1.5997139165849e-05,54.91802094556647,4.3926561188961854e-07,
2014-02-28,DIA,buy,3.1654229444350772e-06,158.3504293798779,2.5062304121010596e-07,
2014-03-31,AAPL,sell,4.2856497982334864e-05,163.7287003990013,,0.007013330298940959
2014-03-31,SPY,sell,5.85584636474735e-05,64.25332980511781,,0.0037606949894833062
2014-03-31,DIA,sell,4.666235999433116e-06,161.45983742717124,,0.0007530330010123523
2014-03-31,IWM,buy,2.488931435202168e-05,55.110816464290224,6.858352175881456e-07,
2014-03-31,QQQ,buy,0.00013715855835528677,48.013209498546644,3.29271129841551e-06,
2014-04-30,AAPL,sell,1.3339270288010685e-05,170.73559993324972,,0.0022763495711376294
2014-04-30,SPY,sell,3.2832149776196545e-05,66.90049418820462,,0.002195388801766056
2014-04-30,DIA,buy,9.446533160184978e-06,156.4166366768249,7.387974725861162e-07,
2014-04-30,IWM,sell,8.206028403650928e-06,55.48957299746646,,0.0004551213376176095
2014-04-30,QQQ,buy,0.00011690698716966715,43.13842940554912,2.5215919065170613e-06,
2014-06-30,AAPL,buy,2.9995252647005367e-05,152.0141366466412,2.2798512173162e-06,
2014-06-30,IWM,sell,6.260755499312546e-05,58.41289956382845,,0.003655260277339429
2014-06-30,SPY,buy,0.00010227055098780769,57.7809663798997,2.9546456341401672e-06,
2014-06-30,QQQ,sell,2.3287739868486012e-05,43.15069745073699,,0.0010043797762678173
2014-06-30,DIA,buy,7.212225514647143e-05,125.40601716913862,4.522282383587696e-06,
2014-07-31,AAPL,sell,3.6777082967288466e-05,170.7705087730868,,0.006277300948929119
2014-07-31,QQQ,sell,2.843235990836624e-05,44.10428790484613,,0.0012533619927191828
2014-07-31,SPY,sell,1.7753510522399004e-05,58.81354721733699,,0.0010436248559179116
2014-07-31,IWM,buy,0.0002647857632145091,44.39209560908739,5.877197458271831e-06,
2014-07-31,DIA,sell,6.51764905815319e-06,127.10191578244014,,0.0008279914788480427
2014-09-30,AAPL,sell,3.707342520525652e-05,196.63911911821603,,0.007286440632219181
2014-09-30,DIA,sell,9.89157099922933e-05,171.11281135715313,,0.016917282351558066
2014-09-30,QQQ,buy,4.554586212547184e-06,44.106635373428254,1.0044373667683113e-07,
2014-09-30,SPY,buy,0.00017875626452045195,48.70461355579452,4.353127392072998e-06,
2014-09-30,IWM,buy,0.0003645945617200459,33.586076842119404,6.122650483074154e-06,
2014-10-31,AAPL,sell,3.766569193460964e-06,200.2378946119269,,0.0007538327802661625
2014-10-31,DIA,buy,4.190894434789882e-05,149.99201222163455,3.143003446412921e-06,
2014-10-31,QQQ,buy,3.953149872552267e-05,42.74374948006105,8.448622390475468e-07,
2014-10-31,SPY,sell,8.23672616417178e-05,53.14891087597443,,0.0043755413829696796
2014-10-31,IWM,sell,0.00013950179718401215,37.199631385965944,,0.005186820725208571
2014-12-31,AAPL,sell,6.435600018822628e-05,271.11970340948,,0.01743945559381052
2014-12-31,IWM,sell,4.560914609598736e-05,38.65781382706753,,0.0017622683036509082
2014-12-31,SPY,buy,4.662683915270915e-05,50.82385358663788,1.1848778231525024e-06,
2014-12-31,QQQ,buy,0.00010630206475140884,39.321052754565024,2.089954548004667e-06,
2014-12-31,DIA,buy,8.097280865409118e-05,121.05664341439713,4.901148211750264e-06,
2015-03-31,AAPL,sell,4.93835280502095e-05,380.6731319046674,,0.018789582796231556
2015-03-31,IWM,buy,2.420519567305785e-06,39.674773023918874,4.801678221640568e-08,
2015-03-31,QQQ,sell,0.0001543250481366883,46.01344278995177,,0.0070974762601073126
2015-03-31,DIA,buy,1.7562689355662498e-05,119.39839931207983,1.0484784983407026e-06,
2015-03-31,SPY,buy,5.0536417598406706e-05,49.70596597762894,1.255980726888826e-06,
2015-04-30,QQQ,sell,0.00013688282453218673,52.23204050070517,,0.007146094400198688
2015-04-30,AAPL,buy,1.76412476948059e-05,335.4022423051681,2.958457016949388e-06,
2015-04-30,DIA,buy,1.7277784733819813e-06,118.46079898214978,1.0233700921049426e-07,
2015-04-30,SPY,buy,1.8913811398789913e-05,48.6245913144251,4.5983817473213723e-07,
2015-04-30,IWM,buy,8.29420943027168e-05,37.144408618968136,1.540417521246551e-06,
2015-06-30,QQQ,sell,0.0001353585931273051,62.62873110410386,,0.008473098263133992
2015-06-30,SPY,sell,0.000161262388488167,59.3396098249023,,0.009564462588713485
2015-06-30,IWM,sell,0.00023160980517976577,46.139618690127996,,0.010681044901841281
2015-06-30,AAPL,sell,3.973344690076392e-06,355.920907028335,,0.0014134893478051941
2015-06-30,DIA,buy,3.8619024307467976e-05,112.40028491139145,2.1703946675796766e-06,
2015-07-31,QQQ,sell,0.0001056253579366065,71.57552344307925,,0.007556410188033627
2015-07-31,SPY,buy,2.1858921677343963e-05,57.92499348469159,6.330889478712664e-07,
2015-07-31,AAPL,sell,2.1392402907173107e-05,415.7275403821913,,0.008888964337942184
2015-07-31,IWM,buy,0.0001514347679949324,40.763878196116586,3.086534218601299e-06,
2015-07-31,DIA,buy,9.566873741492543e-05,93.43370379348178,4.4693422369612655e-06,
2015-08-31,QQQ,sell,5.107313529165126e-05,76.99989595607803,,0.00393065979055604
2015-08-31,AAPL,buy,3.6330817375374578e-06,404.81297285237997,7.353593093941141e-07,
2015-08-31,IWM,sell,6.397496350519128e-05,42.94057334743145,,0.0027457480519875194
2015-08-31,SPY,sell,1.5972257348602662e-06,58.11455533220637,,9.277565231488764e-05
2015-08-31,DIA,buy,4.7214621498174606e-05,86.37959876837792,2.039190030506576e-06,
2015-09-30,AAPL,sell,2.0730889492245498e-05,480.6815681494272,,0.009959973992029917
2015-09-30,QQQ,buy,2.8314416153196417e-05,73.92385895337911,1.0465554530280856e-06,
2015-09-30,SPY,buy,4.710969865107594e-05,55.235196594353354,1.3010567332464614e-06,
2015-09-30,IWM,buy,2.921527430845114e-05,41.928098565176256,6.124704504067005e-07,
2015-09-30,DIA,buy,5.5871089840340334e-05,79.13655738196425,2.2107228535714864e-06,
2015-11-30,AAPL,buy,6.461749629864657e-06,443.06374283874305,1.4314834881473488e-06,
2015-11-30,QQQ,sell,1.0263143367032811e-05,73.1786066913235,,0.0007506670106068233
2015-11-30,IWM,buy,9.358672154389093e-05,38.09164676470323,1.7824361694582674e-06,
2015-11-30,SPY,buy,0.00010759586130269306,48.462367286240976,2.6071750744652767e-06,
2015-11-30,DIA,buy,0.00012951220191444125,64.70654809336284,4.190143760927056e-06,
2015-12-31,AAPL,buy,3.595034016898641e-06,432.6883887041907,7.777647380543136e-07,
2015-12-31,QQQ,sell,2.9317320902758526e-05,76.85353310712553,,0.0022520131227660696
2015-12-31,IWM,sell,0.00011224692400441084,41.8006624227232,,0.004689649780408294
2015-12-31,DIA,sell,0.00010397556478888988,74.8769593427612,,0.007781481450269671
2015-12-31,SPY,buy,0.0001937503200292723,41.289447512986705,3.9999218347365085e-06,
2016-02-29,AAPL,sell,2.2335226549231993e-05,520.9665510218317,,0.011630087988673817
2016-02-29,IWM,buy,0.0001152965282989072,37.51493613472533,2.162670947844528e-06,
2016-02-29,DIA,buy,0.00014117860909517474,61.029584264604445,4.308035910066809e-06,
2016-02-29,QQQ,buy,9.676545747918926e-05,65.9400883948592,3.1903614098733647e-06,
2016-02-29,SPY,buy,0.00021703442285279278,34.54128545408483,3.7483239765604338e-06,
2016-03-31,AAPL,sell,3.0604973019308376e-06,534.2533998205598,,0.0016342635481538513
2016-03-31,DIA,buy,1.796338284908096e-06,60.501628525691984,5.4340695809994144e-08,
2016-03-31,IWM,buy,0.00023179670711875075,31.846071475612586,3.6909072513576866e-06,
2016-03-31,QQQ,buy,7.659807838296471e-05,59.61246709812508,2.283100213692045e-06,
2016-03-31,SPY,sell,0.00014331705379415382,38.0006424319139,,0.005443417045569196
2016-05-31,AAPL,sell,2.7259305840539734e-06,546.1818301078554,,0.0014881093282680014
2016-05-31,QQQ,sell,0.00012015052053505784,68.92693107078233,,0.00827746584371503
2016-05-31,SPY,buy,0.00013567097630558678,34.252076658476284,2.323506340374639e-06,
2016-05-31,DIA,buy,6.348444912348866e-05,55.847435373997676,1.7727218348389383e-06,
2016-05-31,IWM,buy,0.0002534421205081755,27.28114391547037,3.45709548191276e-06,
2016-06-30,QQQ,sell,5.7634008957780356e-05,74.55145030340728,,0.004294550605124792
2016-06-30,AAPL,buy,2.633315586970646e-06,529.0474646148159,6.96574467408748e-07,
2016-06-30,DIA,buy,2.1434206863277456e-05,54.34851159980031,5.824586201706771e-07,
2016-06-30,SPY,buy,0.00023747590058159542,29.38005889368311,3.4885279724588542e-06,
2016-06-30,IWM,sell,8.587613427893598e-05,28.50592267194014,,0.002446754453898937
2016-08-31,QQQ,buy,5.2039952618916185e-05,68.54543282803662,1.783550538307064e-06,
2016-08-31,IWM,sell,0.00029668440331782333,33.95959617885022,,0.010070244887971792
2016-08-31,AAPL,buy,2.9870627790609927e-06,508.0357058386154,7.587672736722538e-07,
2016-08-31,DIA,buy,0.00010172094086679379,48.49113477026133,2.4662819262647404e-06,
2016-08-31,SPY,buy,0.0002883881483942729,24.897626809991806,3.5900902475725723e-06,
2016-09-30,IWM,sell,9.329220719984975e-05,36.537143064062256,,0.0034069264058624376
2016-09-30,QQQ,buy,2.4470218032365994e-05,66.7931187913822,8.172210899434224e-07,
2016-09-30,AAPL,sell,3.6265162977235636e-06,531.4547228030256,,0.0019263655491404573
2016-09-30,DIA,sell,1.4616185996123732e-05,49.552709239735684,,0.0007239094790523859
2016-09-30,SPY,sell,4.0824982800980424e-05,25.603482792761913,,0.0010447391137873734
2016-10-31,IWM,buy,5.007282150576464e-05,35.51923851445481,8.892742450774882e-07,
2016-10-31,AAPL,buy,1.4201702330777664e-06,527.5746954575992,3.7462293910697515e-07,
2016-10-31,DIA,sell,8.680592833576906e-05,54.62565441340682,,0.004739459726983528
2016-10-31,QQQ,sell,6.216908790654646e-05,73.39209684021365,,0.004560438360244961
2016-10-31,SPY,buy,4.021242478836418e-05,25.27985412332608,5.08282116297534e-07,
2016-11-30,DIA,sell,0.0001437663570404271,64.85135796481192,,0.009318781761983835
2016-11-30,IWM,sell,9.322079207277237e-05,38.10507690124017,,0.003550409358002147
2016-11-30,AAPL,buy,4.301106221694823e-06,506.07415273402773,1.0883393434816313e-06,
2016-11-30,QQQ,buy,3.953286296364889e-05,69.5668190622714,1.3750877624028665e-06,
2016-11-30,SPY,buy,0.0002754076885643623,22.267359079020242,3.066300947192816e-06,
2017-01-31,DIA,sell,6.69839215219622e-05,70.92318376601865,,0.004748337618982962
2017-01-31,QQQ,sell,3.479440799685027e-05,73.04096904957292,,0.0025401465689573553
2017-01-31,AAPL,sell,4.0975002189302945e-06,527.5466876468697,,0.0021605418567949355
2017-01-31,IWM,buy,0.00013736270666483757,34.52016270469467,2.37089149181372e-06,
2017-01-31,SPY,buy,0.000245883599208966,20.08572419200067,2.4693750785238624e-06,
2017-02-28,DIA,sell,2.6931111244912374e-05,75.60547670609651,,0.002035121434144568
2017-02-28,QQQ,sell,7.738242886674428e-05,84.35190125800422,,0.006524091321372713
2017-02-28,IWM,sell,0.00021806457283181477,41.60359161572783,,0.009067733299235983
2017-02-28,AAPL,sell,3.085498619059509e-07,542.8755134308219,,0.00016742041261885168
2017-02-28,SPY,sell,8.117909923046392e-05,21.289445336201858,,0.0017273938665113135
2017-03-31,DIA,sell,1.9986440445788505e-05,77.70714021788375,,0.0015523125856121817
2017-03-31,QQQ,sell,4.0323119909767e-05,90.07875468337785,,0.003630440298207121
2017-03-31,AAPL,sell,2.3421759301882496e-06,555.3236698243963,,0.0013000154000600448
2017-03-31,IWM,buy,0.00013911865084866265,37.34580127450512,2.5977487440857095e-06,
2017-03-31,SPY,buy,0.00014750740421375953,20.030607520021913,1.477331460051522e-06,
2017-05-31,AAPL,sell,2.870755438663017e-05,813.1027505404082,,0.023330520337340826
2017-05-31,QQQ,buy,8.630055449554809e-07,91.12142273270027,3.931914654127638e-08,
2017-05-31,DIA,sell,1.2865939275092308e-05,80.27572596633816,,0.001032306204239084
2017-05-31,IWM,sell,3.3256588012083206e-05,38.76529128987246,,0.0012885567209348881
2017-05-31,SPY,buy,0.001075980044199197,14.325935435970392,7.707210321795134e-06,
2017-06-30,AAPL,sell,2.7704352927892563e-06,842.0500057740252,,0.0023316786317626116
2017-06-30,QQQ,sell,7.965221908691185e-05,104.8235322285153,,0.008345252241052401
2017-06-30,IWM,buy,2.2160965093891323e-05,37.80082251711071,4.1885135416103585e-07,
2017-06-30,DIA,buy,7.73932506051145e-05,71.13123504505788,2.7525387498467337e-06,
2017-06-30,SPY,buy,0.0010190461986568544,11.105687556221199,5.658604343818972e-06,
2017-07-31,AAPL,buy,2.613108605377211e-06,813.4751151247528,1.0628494117963548e-06,
2017-07-31,QQQ,sell,9.319247702030729e-05,129.9971375906808,,0.012108697879996433
2017-07-31,IWM,sell,1.2190535091543154e-05,38.405245968545074,,0.0004679464084295555
2017-07-31,DIA,buy,2.301961187166433e-05,69.43922364424976,7.992319884801632e-07,
2017-07-31,SPY,buy,0.00032576420328118017,10.455167321593716,1.7029596263452037e-06,
2017-08-31,QQQ,sell,8.604578521358201e-05,167.09427325112617,,0.014370569067612691
2017-08-31,AAPL,buy,1.0986046481085006e-06,808.2564590074838,4.4397715136466973e-07,
2017-08-31,IWM,sell,1.9332772988741535e-06,38.86583994369383,,7.510087684178718e-05
2017-08-31,DIA,buy,0.00012176897863393297,60.40915563965902,3.677980591189785e-06,
2017-08-31,SPY,sell,0.00018990831528516335,10.982327468439303,,0.0020845924897875605
2017-10-31,QQQ,buy,4.2497366953669284e-05,150.71923550610296,3.202585329139679e-06,
2017-10-31,IWM,sell,0.00033947874055906637,52.98920048561698,,0.017979712690567078
2017-10-31,AAPL,sell,1.477602344453144e-05,1068.2758474370874,,0.015776976532473615
2017-10-31,SPY,sell,0.00014323957393833336,11.58113629814777,,0.0016580475905539195
2017-10-31,DIA,buy,0.00021471180930310882,49.63164647906198,5.328250307105834e-06,
2017-11-30,IWM,sell,6.141781600556176e-05,56.80459080646341,,0.003487069499469383
2017-11-30,AAPL,sell,4.340351934273217e-06,1177.2000585170113,,0.005106907819735348
2017-11-30,QQQ,sell,2.7528461041067816e-05,164.46544062430715,,0.004525216734590877
2017-11-30,SPY,buy,0.00022012321096839295,11.142969441859634,1.226413106632412e-06,
2017-11-30,DIA,buy,9.93762527593926e-05,45.826022816530894,2.2770092131866334e-06,
2018-01-31,IWM,sell,2.3448586552597857e-06,56.46369905585031,,0.00013233319374237487
2018-01-31,AAPL,sell,1.879311376707777e-06,1216.6630901652022,,0.0022853455425744205
2018-01-31,DIA,sell,0.0001621474809598883,52.61284910156152,,0.008526775427466953
2018-01-31,SPY,buy,0.0006210975853552609,9.804048838026151,3.0446355300015475e-06,
2018-01-31,QQQ,buy,9.199502055313389e-05,127.6437340722693,5.871293969728585e-06,
2018-02-28,AAPL,buy,4.443834936087321e-06,1108.0406966360488,2.4619749791589032e-06,
2018-02-28,IWM,sell,2.120831137733905e-05,57.849208398475874,,0.00122627058263513
2018-02-28,SPY,sell,0.0005984920330244278,11.018383832204805,,0.0065911177329095495
2018-02-28,DIA,buy,6.212995757272312e-05,49.70300195285371,1.5440227012838878e-06,
2018-02-28,QQQ,sell,1.2837023770032735e-05,131.8765809330478,,0.0016920563527461061
2018-04-30,SPY,sell,0.00046327030675998894,12.214411802306268,,0.005655745015395981
2018-04-30,IWM,sell,0.00015336772187783177,69.46610387085627,,0.010648531169352857
2018-04-30,DIA,sell,8.085917421612457e-05,53.904854882763296,,0.00435652270103424
2018-04-30,AAPL,buy,9.915575584243146e-06,924.8308015953405,4.585114857927388e-06,
2018-04-30,QQQ,buy,7.311548531793136e-05,112.39181400336622,4.108791013309397e-06,
2018-05-31,IWM,sell,7.7397496904825e-05,77.85834561597717,,0.006023028043295475
2018-05-31,SPY,buy,0.00014934978365695965,11.935455728010865,8.912788654128213e-07,
2018-05-31,DIA,buy,2.1611915468909386e-05,53.29915393818045,5.759484047381724e-07,
2018-05-31,QQQ,sell,6.238207156277463e-05,130.31918831253932,,0.008125516140849873
2018-05-31,AAPL,buy,3.500397522895044e-06,881.5378100948183,1.542866383397112e-06,
2018-07-31,IWM,buy,2.0320036844035088e-05,74.9340507969253,7.613313365331595e-07,
2018-07-31,QQQ,sell,7.616319744113242e-06,131.41482030353427,,0.0010003968419016282
2018-07-31,SPY,buy,0.00011237455964563121,11.536361613647198,6.481967781231837e-07,
2018-07-31,DIA,buy,0.00012855623578665338,46.91962021880522,3.0159048799344766e-06,
2018-07-31,AAPL,buy,2.646063584268711e-07,869.1845907514228,1.1499588467974212e-07,
2018-08-31,IWM,sell,4.6575065309226865e-05,79.86091449620231,,0.0037176675446610476
2018-08-31,QQQ,sell,1.211206939040016e-05,135.01679854918476,,0.0016345151664809566
2018-08-31,AAPL,sell,6.919199404515041e-07,876.5581673479694,,0.0006062048209162097
2018-08-31,DIA,buy,5.264973064156276e-05,44.760138364986425,1.1783046141978072e-06,
2018-08-31,SPY,buy,0.0005623117773860759,10.278902087796697,2.8899738512832033e-06,
2018-10-31,AAPL,sell,1.4372209811881238e-05,1150.60886669917,,0.016528523647589558
2018-10-31,QQQ,buy,3.108191403254634e-05,126.27192203931625,1.9623865127752107e-06,
2018-10-31,IWM,buy,2.606295610400617e-05,77.49459542574319,1.0098691194394311e-06,
2018-10-31,SPY,sell,6.980976922937952e-05,10.496185685300702,,0.0007323699323293189
2018-10-31,DIA,buy,0.0001252164628900241,40.87569466204934,2.5591549518772286e-06,
2018-11-30,AAPL,buy,2.5816581391267416e-06,1107.6659933294184,1.4298074635564e-06,
2018-11-30,SPY,sell,0.0008621854874180969,12.769203974784146,,0.0110039176417639
2018-11-30,IWM,sell,6.78531528510004e-06,79.42340403962264,,0.0005386433810060154
2018-11-30,QQQ,sell,3.8033713591092934e-06,129.30587480465212,,0.0004915523616661875
2018-11-30,DIA,sell,7.173793990259618e-05,43.843236748711995,,0.0031436508712728898
2018-12-31,AAPL,buy,9.07122560892482e-07,1084.5966643831584,4.919310518653473e-07,
2018-12-31,SPY,sell,0.00017507371205645154,13.264618495738597,,0.0023211248560620896
2018-12-31,QQQ,sell,3.1113634321532514e-05,138.99181188805642,,0.004322378138567837
2018-12-31,IWM,buy,0.00010367463555119121,68.9408401876737,3.5737082405249936e-06,
2018-12-31,DIA,buy,2.499348713239937e-05,42.86102110013975,5.356231896739204e-07,
2019-01-31,SPY,sell,0.0006041733697588628,15.616225057761746,,0.009430189862402676
2019-01-31,QQQ,sell,3.6362076544120016e-05,153.9887535452306,,0.005596551167923634
2019-01-31,AAPL,buy,1.494927083888956e-06,1060.649504942602,7.927968357260545e-07,
2019-01-31,DIA,buy,8.018436813329649e-05,40.618736659373425,1.6284938667023122e-06,
2019-01-31,IWM,buy,7.410454837906099e-05,63.52516414394229,2.353751799796281e-06,
2019-02-28,SPY,buy,0.0002561490032149823,14.354699379031906,1.8384709686948745e-06,
2019-02-28,QQQ,buy,3.3852152025863104e-05,138.72823149545982,2.348124591431718e-06,
2019-02-28,AAPL,sell,2.3749651311348976e-06,1094.6084960210421,,0.0025983571817888404
2019-02-28,DIA,buy,0.00017254612045407422,35.5445072536233,3.0665334150322008e-06,
2019-02-28,IWM,buy,5.67218844398185e-06,62.18846431057086,1.7637234430569887e-07,
2019-04-30,AAPL,sell,1.0728883361907138e-05,1399.3350656413168,,0.01500579605214061
2019-04-30,QQQ,sell,2.515165304993244e-05,148.8315390510454,,0.0037414875534828155
2019-04-30,DIA,sell,0.00014134272140812316,39.30827971032767,,0.0055531612585153585
2019-04-30,SPY,buy,0.0010514571866927056,11.307170123251286,5.944502643624805e-06,
2019-04-30,IWM,buy,0.00016477672442490618,52.633843246795685,4.336416142050481e-06,
2019-05-31,AAPL,sell,7.5973702137527156e-06,1778.9599669134873,,0.013508659755355002
2019-05-31,QQQ,sell,4.579410639899838e-05,174.2480875815923,,0.007975545694802159
2019-05-31,DIA,buy,9.621575963085862e-05,37.73462694269495,1.8153328978392297e-06,
2019-05-31,IWM,sell,4.4661745902694954e-05,56.403912199816105,,0.00251783764598881
2019-05-31,SPY,sell,8.689954048195659e-05,11.810610895805294,,0.0010258234913268413
2019-07-31,AAPL,sell,1.880857020791545e-06,1880.0834615728486,,0.003534400094284177
2019-07-31,QQQ,sell,3.0657898740255735e-07,173.41149504096452,,5.313773839334569e-05
2019-07-31,DIA,sell,0.00014839489198203082,41.645299537927535,,0.006176859751626829
2019-07-31,SPY,buy,0.0005371217681008752,10.55743466188941,2.8353139861017527e-06,
2019-07-31,IWM,buy,0.00018985894387649476,47.14455282143861,4.475407504103978e-06,
2019-09-30,QQQ,sell,6.897380299854662e-05,223.08304608313318,,0.015379192629817299
2019-09-30,SPY,sell,0.0013274422687060469,14.242978552159737,,0.01889727839652928
2019-09-30,DIA,buy,0.0002634052492615888,35.278423427217376,4.646260958201033e-06,
2019-09-30,IWM,buy,2.1941139911984923e-05,46.8723657385858,5.142165673380198e-07,
2019-09-30,AAPL,buy,9.207513812469404e-06,1455.2180036472862,6.699469934368269e-06,
2019-10-31,SPY,sell,0.0001729807384646593,14.89547462448998,,0.0025753418852257075
2019-10-31,QQQ,sell,1.0665064982061324e-05,232.94087529985617,,0.002483087407265184
2019-10-31,IWM,buy,8.824116612436597e-05,43.71746713016214,1.9288401397845732e-06,
2019-10-31,DIA,sell,1.7107196695146645e-05,35.67503019606748,,0.0006099946087900878
2019-10-31,AAPL,buy,9.477110368142621e-07,1421.4982672656647,6.735847983500101e-07,
2019-12-31,QQQ,sell,8.510228613933866e-06,244.91642549055882,,0.0020832526248460393
2019-12-31,SPY,sell,0.0005817930611903177,17.830983507492775,,0.01036875550761886
2019-12-31,IWM,sell,0.00022538036729173182,53.65311143835013,,0.012086311783338409
2019-12-31,DIA,buy,0.00024241867739350793,31.426722690221563,3.809212274688028e-06,
2019-12-31,AAPL,buy,3.2248794535742504e-06,1334.980890025174,2.152576221578225e-06,
2020-01-31,SPY,buy,9.759271553971827e-05,17.35793279992339,8.470038990502344e-07,
2020-01-31,IWM,sell,5.105765877141174e-05,56.482761033001836,,0.0028824356005205543
2020-01-31,QQQ,sell,1.217092877395934e-05,258.9699241750123,,0.0031503285494808592
2020-01-31,AAPL,sell,4.6896571480500827e-07,1353.3949403643808,,0.0006343784777086526
2020-01-31,DIA,buy,8.394204824963328e-05,30.13813177109239,1.2649282556414217e-06,
2020-03-31,DIA,sell,0.00038511327278265787,37.3927221632313,,0.014393233393729365
2020-03-31,IWM,buy,7.316527065182065e-05,52.30179361915928,1.9133374428607274e-06,
2020-03-31,SPY,buy,0.0001347492558679349,16.551535137946306,1.1151535216551211e-06,
2020-03-31,QQQ,buy,4.306751013564744e-05,215.4245625811912,4.638899766216435e-06,
2020-03-31,AAPL,buy,4.955095574336269e-06,1203.3013730039956,2.9812366539824276e-06,
2020-04-30,DIA,sell,5.122451692154972e-05,38.7406708646796,,0.0019834799141848387
2020-04-30,QQQ,sell,1.9388462745664823e-05,232.66371146206293,,0.004508736206099342
2020-04-30,IWM,buy,4.524884802253643e-05,50.30833194610862,1.1381970332483917e-06,
2020-04-30,AAPL,sell,1.2725817573079466e-07,1208.3359000206915,,0.00015369373699550775
2020-04-30,SPY,buy,0.00019469021047900962,15.696118036598088,1.5279402621243304e-06,
2020-06-30,IWM,sell,0.00012683743847371706,55.50923768987701,,0.007037129195452604
2020-06-30,AAPL,buy,3.6148748156079373e-06,1101.7614592098328,1.991364875852538e-06,
2020-06-30,DIA,buy,0.00027436159304635214,32.07942899237716,4.400681621182966e-06,
2020-06-30,QQQ,buy,3.6442769731080443e-05,198.93287290739016,3.6248324396531556e-06,
2020-06-30,SPY,buy,0.00023377461175052607,14.475083173310093,1.69195347444857e-06,
2020-07-31,IWM,buy,1.3240130925284803e-05,55.31507256814094,3.6618940147190797e-07,
2020-07-31,SPY,sell,0.0003109959241326377,15.87858634483808,,0.004935706546415684
2020-07-31,AAPL,sell,3.006938964989743e-06,1181.5486370980352,,0.003551068213602647
2020-07-31,QQQ,buy,1.512923321588444e-05,190.65269771882396,1.4422145635128036e-06,
2020-07-31,DIA,sell,9.25925905473975e-05,34.182143474418524,,0.00316343070815185
2020-08-31,SPY,sell,0.0002020706563751135,16.76771803737155,,0.003386569657829637
2020-08-31,IWM,buy,8.37711238452965e-05,50.97779618363092,2.135233638729615e-06,
2020-08-31,DIA,sell,0.00012475241005921196,36.81904534940039,,0.00459096801109541
2020-08-31,AAPL,buy,3.6934179546424124e-06,1093.692886575832,2.019732472071933e-06,
2020-08-31,QQQ,buy,1.4495978898860303e-05,181.20326195707926,1.3133593308672383e-06,
2020-09-30,IWM,sell,0.00020689237610474053,63.38550350097042,,0.013107420441196165
2020-09-30,SPY,sell,0.0002067058002119507,18.080063840689352,,0.0037353854370408106
2020-09-30,DIA,sell,1.3049239419872603e-05,37.59560075053319,,0.0004903486983299858
2020-09-30,AAPL,buy,5.391321597027467e-06,1003.1454311643486,2.7041398139978916e-06,
2020-09-30,QQQ,buy,7.354106742112868e-06,179.25291676882688,6.591225418765132e-07,
2020-11-30,IWM,sell,9.002890558691982e-05,71.48394728816756,,0.006432403730616097
2020-11-30,SPY,sell,5.9067573440783894e-05,18.71379676290633,,0.0011048258753665492
2020-11-30,DIA,sell,0.00014117696634089252,42.07490130818925,,0.005937036922319717
2020-11-30,QQQ,sell,2.1605077405331555e-05,195.24147926435484,,0.0042160981686017035
2020-11-30,AAPL,buy,4.259667721382974e-06,948.5210035783051,2.0201921509981456e-06,
2020-12-31,IWM,sell,7.739367288807093e-05,80.31994391696192,,0.0062131473381646036
2020-12-31,SPY,sell,0.00026809490017660077,20.82399552838127,,0.005580015598958128
2020-12-31,DIA,sell,5.1292356823265254e-05,44.43942006152797,,0.0022782628895194573
2020-12-31,QQQ,sell,2.4296069784383498e-05,216.1499564151499,,0.005248968627741457
2020-12-31,AAPL,buy,4.780274855847004e-06,895.2957530234892,2.1398798883623975e-06,
2021-03-31,IWM,sell,1.842081657903161e-05,80.22749167136556,,0.001477116980719674
2021-03-31,QQQ,buy,2.8236759279006807e-05,190.9091001590952,2.6953271526820856e-06,
2021-03-31,SPY,buy,0.0002551044783955475,18.61710247939662,2.3746531086214643e-06,
2021-03-31,AAPL,buy,5.787371519258856e-06,802.0358469609353,2.3208397090631855e-06,
2021-03-31,DIA,buy,0.0002752029612116363,35.893160432606855,4.938952019148872e-06,
2021-04-30,IWM,sell,7.29409868879112e-05,90.31907081932773,,0.006584668179280727
2021-04-30,AAPL,sell,5.406874967387804e-06,877.3568544922002,,0.004741386934612971
2021-04-30,QQQ,sell,1.1647931377671106e-05,200.90678780846335,,0.0023389784034624603
2021-04-30,DIA,sell,7.21520213897047e-05,38.02303219072124,,0.002742066912610386
2021-04-30,SPY,buy,0.0003585010061097861,16.89062308357695,3.027652684641757e-06,
2021-05-31,AAPL,sell,1.0301114111182927e-05,1038.4697135562442,,0.010692046322840144
2021-05-31,IWM,buy,4.624205166693597e-05,84.38278023911774,1.951016441808493e-06,
2021-05-31,SPY,sell,0.0001498050100606084,17.66983958451301,,0.002645706981478945
2021-05-31,QQQ,buy,2.275063392541513e-05,186.52970500158054,2.1218345173533173e-06,
2021-05-31,DIA,buy,0.00012433036509706475,35.21466410202051,2.1891260222873547e-06,
2021-06-30,SPY,sell,0.0005584176204179877,21.54387424726838,,0.012024463752248101
2021-06-30,IWM,sell,0.00012810885352179126,104.91345561940099,,0.013433622347151586
2021-06-30,AAPL,buy,1.3263595917309339e-05,852.5691607477436,5.65406641985881e-06,
2021-06-30,DIA,sell,7.136460618125296e-05,37.30583310204553,,0.0026609849295472342
2021-06-30,QQQ,buy,2.60360047772513e-05,174.65784970868233,2.2736963046998467e-06,
2021-08-31,SPY,sell,5.35177858560971e-05,21.93142425659607,,0.00117313440625028
2021-08-31,IWM,buy,5.426651400371066e-05,95.57113507688173,2.5931561700000627e-06,
2021-08-31,AAPL,sell,7.876674494427342e-06,959.505955791936,,0.007553937231192852
2021-08-31,QQQ,sell,1.3832153681184558e-05,181.73892105013647,,0.0025125837654752458
2021-08-31,DIA,buy,0.0002344105475912447,32.462427102017394,3.8047676565623803e-06,
2021-09-30,SPY,sell,7.675722255529038e-05,22.840638680998985,,0.001752307394549142
2021-09-30,QQQ,sell,4.1743514277845525e-05,210.87257608848535,,0.008798161109560379
2021-09-30,IWM,sell,2.1101651710047405e-06,97.03833085710929,,0.00020466452257409307
2021-09-30,AAPL,sell,4.911621045578687e-06,1054.725335185134,,0.0051778209480235395
2021-09-30,DIA,buy,0.0001784986019387699,29.925276646901867,2.670810022051452e-06,
2021-11-30,AAPL,sell,4.496916003098912e-06,1145.677117519433,,0.005149437757275293
2021-11-30,SPY,sell,0.0002006382160405014,24.738505137062226,,0.004961007793439841
2021-11-30,QQQ,buy,7.952762479371934e-05,164.88527675233678,6.556467211784206e-06,
2021-11-30,DIA,sell,0.00013038895431586586,32.018624199524275,,0.004172787490544643
2021-11-30,IWM,buy,8.47448431426953e-06,95.76452896933448,4.057774993070175e-07,
2021-12-31,SPY,sell,0.0001303305667115246,26.382385822808672,,0.0034367120798410025
2021-12-31,AAPL,buy,5.632349020919082e-06,1044.0021395456415,2.9400922142536605e-06,
2021-12-31,IWM,sell,3.0787953955611663e-05,101.63479711963271,,0.003127562890280181
2021-12-31,DIA,sell,0.00012167000923245306,34.554655052536766,,0.004202163066666746
2021-12-31,QQQ,sell,1.9319861761390934e-05,175.72250437998824,,0.003393237025740292
2022-01-31,SPY,sell,0.0002409080414224555,30.267225701911737,,0.007287972254107393
2022-01-31,DIA,buy,4.590359369302391e-06,35.39216105963699,8.123136905998196e-08,
2022-01-31,QQQ,sell,7.086108654114689e-05,227.125181866583,,0.016086289999337703
2022-01-31,AAPL,sell,3.7677430899143283e-06,1146.5317023415043,,0.004317676980415482
2022-01-31,IWM,buy,3.090386417576522e-05,99.2272653752424,1.5332529658445513e-06,
2022-02-28,DIA,sell,0.00023500579288300376,41.393027645010235,,0.009722737480902953
2022-02-28,SPY,buy,7.9843739379398e-05,29.52109942813764,1.1785374844667586e-06,
2022-02-28,QQQ,sell,9.081161929045398e-06,238.0189118107049,,0.0021604075361880233
2022-02-28,AAPL,sell,3.322295210078889e-06,1237.4464789836563,,0.00410910692860146
2022-02-28,IWM,buy,1.3005657208815216e-05,98.4970803313659,6.405096314294401e-07,
2022-03-31,QQQ,buy,2.2072243574815416e-06,238.27819062494459,2.629667131020038e-07,
2022-03-31,DIA,sell,5.09031325214627e-05,43.22802640944797,,0.0021993417359829387
2022-03-31,AAPL,sell,7.414391505625174e-06,1461.8427242881944,,0.010833254940383591
2022-03-31,IWM,sell,5.8636807376263975e-05,109.4521917116471,,0.006414718118764615
2022-03-31,SPY,buy,0.0003982297727408101,25.116334100874983,5.001036010536851e-06,
2022-05-31,DIA,sell,0.00034512822239406073,56.96737724599259,,0.019651219118539603
2022-05-31,AAPL,sell,2.4152250220160247e-06,1561.4964080920172,,0.0037694795140136798
2022-05-31,QQQ,sell,6.627165863687466e-06,246.5184310255379,,0.0016329016715968066
2022-05-31,SPY,sell,0.00025817663570963396,28.214895894266252,,0.007280784685429786
2022-05-31,IWM,buy,0.00034307065714297784,69.45155249040008,1.1913394876240788e-05,
2022-06-30,DIA,sell,6.489469128489263e-05,61.62672013748863,,0.003997247354733689
2022-06-30,AAPL,sell,2.7278781957322426e-06,1705.0651508375206,,0.004648884442248943
2022-06-30,QQQ,sell,1.7646870646042607e-05,269.59197890029765,,0.004755076051474768
2022-06-30,SPY,buy,1.2195173504856317e-05,28.611967871247963,1.744639562526217e-07,
2022-06-30,IWM,sell,7.474431310678471e-05,77.03410207929919,,0.0057549821151922954
2022-08-31,AAPL,sell,2.6889116806853164e-06,1834.696319671644,,0.004930869696293207
2022-08-31,DIA,buy,2.2960324463507098e-05,60.363143689512235,6.92978682374251e-07,
2022-08-31,QQQ,buy,1.1139217093836278e-05,257.93944403644844,1.4366217320927162e-06,
2022-08-31,SPY,buy,7.82165769606367e-05,27.684650549376205,1.0826993001618085e-06,
2022-08-31,IWM,sell,2.708450569941141e-05,79.62323370717958,,0.0021554776491840982
2022-09-30,AAPL,sell,2.0840539845051552e-07,1865.4547067823607,,0.0003885764460426383
2022-09-30,IWM,sell,3.2772246723922573e-05,83.82462973440641,,0.0027457478864738247
2022-09-30,SPY,sell,0.0002745581636198493,31.657826511603993,,0.00868756875386616
2022-09-30,QQQ,sell,9.233333240051911e-06,270.569973288225,,0.0024970135967580646
2022-09-30,DIA,buy,6.381395107946434e-05,57.628205681545765,1.8387417490797352e-06,
2022-10-31,IWM,sell,7.700692905901192e-06,83.79234987281447,,0.0006449365246572558
2022-10-31,AAPL,buy,1.67810028570134e-06,1763.2027391274341,1.4794155101395662e-06,
2022-10-31,SPY,buy,0.00014125721970580877,29.354707901416443,2.073282211715112e-06,
2022-10-31,DIA,sell,1.9206492507168856e-05,58.01417121335276,,0.0011136916203465116
2022-10-31,QQQ,buy,1.893212973577658e-05,248.59799720507917,2.353244767570391e-06,
2022-11-30,AAPL,sell,3.678570334258893e-06,1956.8543508753762,,0.007194827150413804
2022-11-30,IWM,sell,1.403288281329716e-05,85.32362414401881,,0.0011967377506094188
2022-11-30,SPY,buy,0.00041379855762486203,24.765446002783914,5.123952917444195e-06,
2022-11-30,QQQ,sell,3.024890660630839e-05,280.81660646913616,,0.008490148104934063
2022-11-30,DIA,buy,0.00012709846110962766,52.14829516661204,3.313984032583512e-06,
2023-01-31,IWM,sell,7.91960371218578e-05,93.10599795866817,,0.007369939257566999
2023-01-31,AAPL,buy,3.747708185439222e-07,1894.0138310890852,3.5491055690538325e-07,
2023-01-31,QQQ,buy,1.099080543319204e-05,262.48036866325657,1.442435331005185e-06,
2023-01-31,DIA,buy,0.00020391833150072876,43.91399835782176,4.477434637326378e-06,
2023-01-31,SPY,buy,0.0008600466667039062,18.29378479633195,7.866754317741947e-06,
2023-02-28,AAPL,sell,3.2430390325845335e-08,1911.7798290323487,,6.196876618956064e-05
2023-02-28,QQQ,sell,1.3988446030555415e-05,280.75779192136304,,0.0039254015373399185
2023-02-28,IWM,sell,1.5973456444364582e-06,94.10752532072412,,0.0001502470845569125
2023-02-28,SPY,sell,0.0004446311289961983,21.126373204408182,,0.009388746447886306
2023-02-28,DIA,buy,0.00013356015471844705,40.57394977535236,2.709531504767281e-06,
2023-03-31,IWM,sell,1.7367460321829928e-05,97.23603522703141,,0.0016878986121656963
2023-03-31,QQQ,buy,6.318699932327161e-07,281.98895833988917,8.90901805989632e-08,
2023-03-31,SPY,sell,0.00028956712771117813,23.49940562473975,,0.006801253061980955
2023-03-31,AAPL,buy,1.6171271937021666e-06,1837.6100521405367,1.485824593368459e-06,
2023-03-31,DIA,sell,3.807276533582347e-05,41.86327426073438,,0.0015930536918095995
2023-05-31,SPY,sell,0.0002727554074583348,25.76661440746747,,0.007024469419824824
2023-05-31,AAPL,sell,3.0189095002476946e-06,1985.7623576453072,,0.005991839428306314
2023-05-31,IWM,buy,2.2146731203318394e-05,93.05303144415856,1.0304102375238571e-06,
2023-05-31,QQQ,buy,6.738113846630641e-05,215.83371318544766,7.271560656922856e-06,
2023-05-31,DIA,buy,0.00020641808263440983,36.54015925062062,3.771274805834551e-06,
2023-06-30,SPY,sell,0.00014807202845031975,27.21634045430672,,0.004027963748694662
2023-06-30,IWM,sell,3.449827620148182e-06,92.92971364385824,,0.00032043119711461297
2023-06-30,AAPL,buy,1.4151542496707408e-06,1890.7566188065327,1.3378561320985729e-06,
2023-06-30,DIA,buy,0.00016256924649637322,33.243959611553144,2.70222273230303e-06,
2023-06-30,QQQ,buy,1.1330038331886047e-05,206.62868471578233,1.1705554591485052e-06,
2023-07-31,SPY,sell,2.389216113596413e-06,26.981870287925027,,6.443328650724532e-05
2023-07-31,AAPL,sell,1.2161112996974686e-06,1942.341139033172,,0.00236092195554197
2023-07-31,IWM,sell,6.290177143880452e-07,92.11965208615528,,5.791592055895259e-05
2023-07-31,QQQ,buy,1.6744445251439574e-05,194.1457023728042,1.6254310420918513e-06,
2023-07-31,DIA,buy,0.0002967078742165416,28.527730385873483,4.2322011195075805e-06,
2023-08-31,SPY,sell,4.78135529172123e-05,27.345376967592923,,0.001306825888866782
2023-08-31,AAPL,sell,1.5964651642408557e-07,1937.925850366319,,0.00030922841954361696
2023-08-31,IWM,buy,4.05080540776553e-05,86.37590660706674,1.7494599479227818e-06,
2023-08-31,QQQ,sell,6.247888234618909e-06,196.51730075686876,,0.001227204222232257
2023-08-31,DIA,buy,0.00024025186193587806,25.56003267047542,3.070422720111796e-06,
2023-10-31,SPY,sell,0.0005377685228114433,35.30210119132941,,0.018974866630396412
2023-10-31,AAPL,buy,1.1893108139383939e-06,1849.5100540346161,1.099821153875576e-06,
2023-10-31,IWM,buy,4.52130736638039e-05,80.46118202145472,1.818948674906383e-06,
2023-10-31,QQQ,buy,0.00012022666032666734,141.35440943949274,8.497284284679276e-06,
2023-10-31,DIA,buy,0.00027338339687378154,22.760191527433147,3.111129236633768e-06,
2023-11-30,SPY,sell,5.898679172521232e-05,36.753969144450764,,0.002166914723637098
2023-11-30,AAPL,sell,1.983285413977396e-06,1977.6852378544695,,0.0039203531285323485
2023-11-30,IWM,buy,3.249114674317962e-05,77.70608266185523,1.262379867301992e-06,
2023-11-30,QQQ,sell,2.8493564057389324e-05,152.08387161130315,,0.004331244832083514
2023-11-30,DIA,buy,8.944561840960917e-05,22.178602742819166,9.918894188962573e-07,
2024-01-31,SPY,buy,1.339735858870328e-05,36.953299388523206,2.4753830147187754e-07,
2024-01-31,AAPL,sell,2.228707190715845e-06,2155.681089526946,,0.004801979754146312
2024-01-31,IWM,sell,7.81790910411173e-05,87.195650311829,,0.006813468245775848
2024-01-31,QQQ,sell,2.5585459170533525e-05,164.31462809081467,,0.004201963175534871
2024-01-31,DIA,buy,0.00013030855096182476,21.483212440281125,1.3997231415490403e-06,
2024-02-29,AAPL,sell,3.589896072501748e-06,2497.7368186502017,,0.008962132287617663
2024-02-29,IWM,sell,5.037482945425328e-05,95.31115325181216,,0.004798882448603161
2024-02-29,DIA,sell,0.0002498770934271713,23.876898122637897,,0.00596330675798997
2024-02-29,SPY,buy,2.3621267143437508e-05,37.08832168833952,4.380365772510075e-07,
2024-02-29,QQQ,buy,1.3800208681809419e-05,161.41733404568114,1.11379644734587e-06,
2024-04-30,DIA,sell,0.0005892682437308441,31.021515563270004,,0.018270853996840246
2024-04-30,AAPL,sell,5.071119409184424e-06,3157.423846343116,,0.01600366751353721
2024-04-30,SPY,sell,0.00010158457939130603,40.025576161412616,,0.00406394832859216
2024-04-30,IWM,buy,0.00017359929122735926,77.11028679938971,6.693145567356226e-06,
2024-04-30,QQQ,buy,6.529359042990962e-05,141.03184416535746,4.604237735253845e-06,
2024-05-31,DIA,sell,0.00012019724245444915,33.104615230534954,,0.003977093921494247
2024-05-31,AAPL,buy,3.153667306561945e-07,3130.5894287942992,4.936418765928507e-07,
2024-05-31,IWM,sell,0.00010968797077225579,89.09289733082124,,0.009767532908879486
2024-05-31,SPY,buy,0.0002488079221588035,34.98095903772806,4.3517698666496685e-06,
2024-05-31,QQQ,sell,1.6378665689860492e-05,147.13098725862156,,0.0024086043483016223
2024-07-31,AAPL,sell,1.2536393980588859e-06,3290.7673025248014,,0.004123372822518912
2024-07-31,DIA,buy,0.00012389917620577243,30.818703378147244,1.9092059801412495e-06,
2024-07-31,SPY,sell,2.7694927714562922e-05,35.10148808005557,,0.0009716471084632056
2024-07-31,IWM,buy,4.1065934457145954e-05,83.46774070087464,1.7138403844540859e-06,
2024-07-31,QQQ,buy,7.180007591328598e-05,125.42234645080433,4.502666998195102e-06,
2024-09-30,AAPL,buy,1.5426600049839506e-06,2976.854372635706,2.2961370906633467e-06,
2024-09-30,SPY,sell,7.457653641332177e-05,35.648619093359436,,0.0026572212646306078
2024-09-30,IWM,buy,7.970987948844818e-05,73.85187990608803,2.9433622236548123e-06,
2024-09-30,DIA,buy,0.00015479651949582658,28.00049486895184,2.167189574937248e-06,
2024-09-30,QQQ,buy,0.00012639377161893935,98.39872041423557,6.218492697816378e-06,
2024-10-31,SPY,buy,6.46212964353955e-05,34.28179443369389,1.107667000218512e-06,
2024-10-31,DIA,sell,0.00014549252836636335,29.807221993036904,,0.004334559727298739
2024-10-31,AAPL,buy,1.7227288784197696e-06,2745.2249045298267,2.364639110395344e-06,
2024-10-31,IWM,buy,3.9848222494064936e-05,70.33903682278029,1.4014427946661877e-06,
2024-10-31,QQQ,sell,1.9998246418827205e-05,101.17399581055099,,0.0020222908481470916
2024-12-31,DIA,sell,3.54050558433348e-05,29.909139445537736,,0.0010584052849192036
2024-12-31,IWM,sell,5.73588590885326e-05,74.11750493026021,,0.0042491698735277715
2024-12-31,AAPL,sell,4.3621717728381713e-07,2760.9012857721646,,0.0012037503893559756
2024-12-31,QQQ,buy,4.223767337282417e-05,93.53415977203802,1.975332644826446e-06,
2024-12-31,SPY,buy,0.0005925715337390892,25.62512134583636,7.592358729076263e-06,
